{"content":[{"id":"e79ab49","settings":{"structure":"20","layout":"full_width","background_background":"gradient","background_color":"#3C53ED","background_color_b":"#F03D6A"},"elements":[{"id":"32915b8c","settings":{"_column_size":50,"_inline_size":34.056},"elements":[{"id":"6591b16c","settings":{"site_logo_fallback":"yes","custom_image":{"url":"http:\/\/127.0.0.1\/wordpress\/wp-content\/uploads\/2021\/07\/Screenshot-912-1.png","id":352},"site_logo_size_size":"custom","site_logo_size_custom_dimension":{"width":"80","height":"70"}},"elements":[],"isInner":false,"widgetType":"site-logo","elType":"widget"}],"isInner":false,"elType":"column"},{"id":"44d0f0d0","settings":{"_column_size":50,"_inline_size":65.944},"elements":[{"id":"64b78aa2","settings":{"menu":"portfolio","padding_horizontal_menu_item":{"unit":"px","size":19,"sizes":[]},"padding_vertical_menu_item":{"unit":"px","size":27,"sizes":[]},"menu_space_between":{"unit":"px","size":100,"sizes":[]},"animation_line":"grow","menu_typography_typography":"custom","menu_typography_font_family":"Roboto","menu_typography_font_weight":"600","color_menu_item":"#FDFDFD","bg_color_menu_item":"#8BDB6E00","color_menu_item_hover":"#56DB6A"},"elements":[],"isInner":false,"widgetType":"navigation-menu","elType":"widget"}],"isInner":false,"elType":"column"}],"isInner":false,"elType":"section"},{"id":"318de0e3","settings":{"layout":"full_width","structure":"20","background_background":"classic","background_image":{"url":"http:\/\/127.0.0.1\/wordpress\/wp-content\/uploads\/2021\/07\/1428482.jpg","id":353},"margin":{"unit":"px","top":"13","right":0,"bottom":"13","left":0,"isLinked":true},"padding":{"unit":"px","top":"69","right":"69","bottom":"69","left":"69","isLinked":true}},"elements":[{"id":"61c99517","settings":{"_column_size":50,"_inline_size":66.509},"elements":[{"id":"12eae9b1","settings":{"title":"Lorem ipsum dolor sit amet, consectetur adipiscing elit, sed do eiusmod tempor incididunt ut labore et dolore magna aliqua. Consectetur adipiscing elit duis tristique sollicitudin nibh sit amet commodo. <br><br>Lorem sed risus ultricies tristique. A condimentum vitae sapien pellentesque habitant morbi tristique senectus et. Imperdiet nulla malesuada pellentesque elit. Leo vel fringilla est ullamcorper eget nulla facilisi. Egestas sed tempus urna et pharetra pharetra massa massa ultricies. Eu feugiat pretium nibh ipsum consequat nisl vel. Orci dapibus ultrices in iaculis. Mauris augue neque gravida in fermentum et sollicitudin. Suspendisse in est ante in.<br><br>Lorem ipsum dolor sit amet, consectetur adipiscing elit, sed do eiusmod tempor incididunt ut labore et dolore magna aliqua. Consectetur adipiscing elit duis tristique sollicitudin nibh sit amet commodo. <br><br>","header_size":"h5","title_color":"#E3EAEE","_margin":{"unit":"px","top":"0","right":"0","bottom":"0","left":"45","isLinked":false},"typography_typography":"custom","typography_font_family":"Baloo Bhaina 2","typography_font_weight":"600","_animation":"rotateInDownLeft","typography_line_height":{"unit":"em","size":1.4,"sizes":[]},"typography_letter_spacing":{"unit":"px","size":0.3,"sizes":[]}},"elements":[],"isInner":false,"widgetType":"heading","elType":"widget"},{"id":"8e56f77","settings":{"title":"","header_size":"h1","title_color":"#E3EAEE","typography_typography":"custom","typography_font_family":"Baloo Bhaina 2","typography_font_weight":"600","_margin":{"unit":"px","top":"0","right":"0","bottom":"0","left":"45","isLinked":false},"typography_font_size":{"unit":"px","size":54,"sizes":[]},"_animation":"fadeInUp"},"elements":[],"isInner":false,"widgetType":"heading","elType":"widget"}],"isInner":false,"elType":"column"},{"id":"50f95709","settings":{"_column_size":50,"_inline_size":33.439},"elements":[{"id":"7632500","settings":{"title":"","header_size":"h1","title_color":"#E3EAEE","typography_typography":"custom","typography_font_family":"Baloo Bhaina 2","typography_font_weight":"600","_margin":{"unit":"px","top":"0","right":"0","bottom":"0","left":"45","isLinked":false}},"elements":[],"isInner":false,"widgetType":"heading","elType":"widget"},{"id":"5b8aaec0","settings":{"site_logo_fallback":"yes","custom_image":{"url":"http:\/\/127.0.0.1\/wordpress\/wp-content\/uploads\/2021\/07\/Fernando.png","id":345},"site_logo_size_size":"large","site_logo_size_custom_dimension":{"width":"80","height":"70"},"_margin":{"unit":"px","top":"80","right":"0","bottom":"0","left":"0","isLinked":false},"_animation":"lightSpeedIn"},"elements":[],"isInner":false,"widgetType":"site-logo","elType":"widget"}],"isInner":false,"elType":"column"}],"isInner":false,"elType":"section"},{"id":"2fba3e10","settings":{"structure":"20","background_background":"classic","background_color":"#0E0F0ED9","margin":{"unit":"px","top":"0","right":0,"bottom":"0","left":0,"isLinked":true},"animation":"fadeInUp"},"elements":[{"id":"3c77d9f8","settings":{"_column_size":50,"_inline_size":41.784},"elements":[{"id":"79c6ef4e","settings":{"address":"Vit ap","zoom":{"unit":"px","size":9,"sizes":[]},"height":{"unit":"px","size":250,"sizes":[]},"_margin":{"unit":"px","top":"21","right":"21","bottom":"21","left":"21","isLinked":true}},"elements":[],"isInner":false,"widgetType":"google_maps","elType":"widget"}],"isInner":false,"elType":"column"},{"id":"6ce0bf6e","settings":{"_column_size":50,"_inline_size":58.216},"elements":[{"id":"3da93689","settings":{"title":"Contact me","align":"center","title_color":"#FAFCFDFC","_margin":{"unit":"px","top":"34","right":"34","bottom":"34","left":"34","isLinked":true}},"elements":[],"isInner":false,"widgetType":"heading","elType":"widget"},{"id":"3d49964f","settings":{"icon_list":[{"text":"+91 9999999999","selected_icon":{"value":"fas fa-phone-alt","library":"fa-solid"},"_id":"65f355e"},{"text":"vsd.varma@gmail.com","selected_icon":{"value":"far fa-comments","library":"fa-regular"},"_id":"003789f"},{"text":"1-9\/45 near BJP Office Kukatpally,Hyderabad","selected_icon":{"value":"fas fa-location-arrow","library":"fa-solid"},"_id":"8dde8fd"}],"space_between":{"unit":"px","size":8,"sizes":[]},"icon_align":"center","icon_color":"#E1E7E9","text_color":"#EAEEF2"},"elements":[],"isInner":false,"widgetType":"icon-list","elType":"widget"}],"isInner":false,"elType":"column"}],"isInner":false,"elType":"section"},{"id":"5b671181","settings":{"layout":"full_width","background_background":"classic","background_color":"#0E0F0ED9","animation":"fadeInDown"},"elements":[{"id":"43f2fbe4","settings":{"_column_size":100,"_inline_size":null},"elements":[{"id":"5d134b67","settings":{"social_icon_list":[{"social_icon":{"value":"fab fa-facebook","library":"fa-brands"},"_id":"7ccba2c"},{"social_icon":{"value":"fab fa-twitter","library":"fa-brands"},"_id":"53d8959"},{"_id":"aab3ea9","social_icon":{"value":"fab fa-instagram","library":"fa-brands"}},{"_id":"b2fb54b","social_icon":{"value":"fab fa-linkedin","library":"fa-brands"}}],"icon_color":"custom","icon_primary_color":"#595050","icon_size":{"unit":"px","size":24,"sizes":[]},"icon_padding":{"unit":"em","size":0.4,"sizes":[]},"icon_spacing":{"unit":"px","size":100,"sizes":[]},"_margin":{"unit":"px","top":"22","right":"22","bottom":"22","left":"22","isLinked":true}},"elements":[],"isInner":false,"widgetType":"social-icons","elType":"widget"}],"isInner":false,"elType":"column"}],"isInner":false,"elType":"section"}],"page_settings":[],"version":"0.4","title":"portfolio about","type":"page"}