{"content":[{"id":"6f9f94b4","settings":{"structure":"20","layout":"full_width","background_background":"gradient","background_color":"#3C53ED","background_color_b":"#F03D6A"},"elements":[{"id":"20beefdb","settings":{"_column_size":50,"_inline_size":34.056},"elements":[{"id":"32fd27db","settings":{"site_logo_fallback":"yes","custom_image":{"url":"http:\/\/127.0.0.1\/wordpress\/wp-content\/uploads\/2021\/07\/Screenshot-912-1.png","id":352},"site_logo_size_size":"custom","site_logo_size_custom_dimension":{"width":"80","height":"70"}},"elements":[],"isInner":false,"widgetType":"site-logo","elType":"widget"}],"isInner":false,"elType":"column"},{"id":"24857f75","settings":{"_column_size":50,"_inline_size":65.944},"elements":[{"id":"60ee8aae","settings":{"menu":"portfolio","padding_horizontal_menu_item":{"unit":"px","size":19,"sizes":[]},"padding_vertical_menu_item":{"unit":"px","size":27,"sizes":[]},"menu_space_between":{"unit":"px","size":100,"sizes":[]},"animation_line":"grow","menu_typography_typography":"custom","menu_typography_font_family":"Roboto","menu_typography_font_weight":"600","color_menu_item":"#FDFDFD","bg_color_menu_item":"#8BDB6E00","color_menu_item_hover":"#56DB6A"},"elements":[],"isInner":false,"widgetType":"navigation-menu","elType":"widget"}],"isInner":false,"elType":"column"}],"isInner":false,"elType":"section"},{"id":"491a6292","settings":[],"elements":[{"id":"5df60f7f","settings":{"_column_size":100,"_inline_size":null},"elements":[{"id":"2a2a976b","settings":{"title":"Skills ","title_color":"#A78A8E","typography_typography":"custom","typography_font_family":"Baloo Bhaina 2","typography_font_weight":"600","typography_text_decoration":"underline","_margin":{"unit":"px","top":"27","right":"0","bottom":"0","left":"0","isLinked":false},"_animation":"fadeIn"},"elements":[],"isInner":false,"widgetType":"heading","elType":"widget"}],"isInner":false,"elType":"column"}],"isInner":false,"elType":"section"},{"id":"14e1c0e4","settings":{"structure":"20","margin":{"unit":"px","top":"51","right":0,"bottom":"51","left":0,"isLinked":true},"animation":"zoomIn"},"elements":[{"id":"55f939e5","settings":{"_column_size":50,"_inline_size":null},"elements":[{"id":"2c4a7f64","settings":{"title":"","percent":{"unit":"%","size":80,"sizes":[]},"inner_text":"Java","bar_color":"#786EE4","bar_border_radius":{"unit":"px","size":6,"sizes":[]},"bar_inner_typography_typography":"custom","bar_inner_typography_font_family":"Baloo Bhaina 2","bar_inner_typography_font_size":{"unit":"px","size":16,"sizes":[]},"_margin":{"unit":"px","top":"0","right":"0","bottom":"0","left":"0","isLinked":true},"_padding":{"unit":"px","top":"0","right":"0","bottom":"0","left":"0","isLinked":true},"_animation":"none"},"elements":[],"isInner":false,"widgetType":"progress","elType":"widget"},{"id":"74eaa619","settings":{"title":"","inner_text":"Python","bar_color":"#3FDF3A","bar_border_radius":{"unit":"px","size":6,"sizes":[]},"bar_inner_typography_typography":"custom","bar_inner_typography_font_family":"Baloo Bhaina 2","bar_inner_typography_font_size":{"unit":"px","size":16,"sizes":[]},"_margin":{"unit":"px","top":"0","right":"0","bottom":"0","left":"0","isLinked":true},"_padding":{"unit":"px","top":"0","right":"0","bottom":"0","left":"0","isLinked":true}},"elements":[],"isInner":false,"widgetType":"progress","elType":"widget"},{"id":"157db8af","settings":{"title":"","percent":{"unit":"%","size":70,"sizes":[]},"inner_text":"Flutter","bar_color":"#3ADFD9","bar_border_radius":{"unit":"px","size":6,"sizes":[]},"bar_inner_typography_typography":"custom","bar_inner_typography_font_family":"Baloo Bhaina 2","bar_inner_typography_font_size":{"unit":"px","size":16,"sizes":[]},"_margin":{"unit":"px","top":"0","right":"0","bottom":"0","left":"0","isLinked":true},"_padding":{"unit":"px","top":"0","right":"0","bottom":"0","left":"0","isLinked":true}},"elements":[],"isInner":false,"widgetType":"progress","elType":"widget"}],"isInner":false,"elType":"column"},{"id":"28e91986","settings":{"_column_size":50,"_inline_size":null},"elements":[{"id":"3198a58f","settings":{"title":"","percent":{"unit":"%","size":80,"sizes":[]},"inner_text":"HTML","bar_color":"#F1C340","bar_border_radius":{"unit":"px","size":6,"sizes":[]},"bar_inner_typography_typography":"custom","bar_inner_typography_font_family":"Baloo Bhaina 2","bar_inner_typography_font_size":{"unit":"px","size":16,"sizes":[]},"_margin":{"unit":"px","top":"0","right":"0","bottom":"0","left":"0","isLinked":true},"_padding":{"unit":"px","top":"0","right":"0","bottom":"0","left":"0","isLinked":true}},"elements":[],"isInner":false,"widgetType":"progress","elType":"widget"},{"id":"20f1ea5d","settings":{"title":"","percent":{"unit":"%","size":75,"sizes":[]},"inner_text":"CSS","bar_color":"#DF4D3A","bar_border_radius":{"unit":"px","size":6,"sizes":[]},"bar_inner_typography_typography":"custom","bar_inner_typography_font_family":"Baloo Bhaina 2","bar_inner_typography_font_size":{"unit":"px","size":16,"sizes":[]},"_margin":{"unit":"px","top":"0","right":"0","bottom":"0","left":"0","isLinked":true},"_padding":{"unit":"px","top":"0","right":"0","bottom":"0","left":"0","isLinked":true}},"elements":[],"isInner":false,"widgetType":"progress","elType":"widget"},{"id":"7f092b3a","settings":{"title":"","percent":{"unit":"%","size":60,"sizes":[]},"inner_text":"Bootstrap","bar_color":"#C756E6","bar_border_radius":{"unit":"px","size":6,"sizes":[]},"bar_inner_typography_typography":"custom","bar_inner_typography_font_family":"Baloo Bhaina 2","bar_inner_typography_font_size":{"unit":"px","size":16,"sizes":[]},"_margin":{"unit":"px","top":"0","right":"0","bottom":"0","left":"0","isLinked":true},"_padding":{"unit":"px","top":"0","right":"0","bottom":"0","left":"0","isLinked":true}},"elements":[],"isInner":false,"widgetType":"progress","elType":"widget"}],"isInner":false,"elType":"column"}],"isInner":false,"elType":"section"},{"id":"119107ae","settings":{"margin":{"unit":"px","top":"103","right":0,"bottom":"103","left":0,"isLinked":true},"animation":"rotateInDownRight"},"elements":[{"id":"6bdee0ad","settings":{"_column_size":100,"_inline_size":null},"elements":[{"id":"787bf2ed","settings":{"wp_gallery":[{"id":396,"url":"http:\/\/127.0.0.1\/wordpress\/wp-content\/uploads\/2021\/07\/jav.png"},{"id":397,"url":"http:\/\/127.0.0.1\/wordpress\/wp-content\/uploads\/2021\/07\/pyr.jpg"},{"id":398,"url":"http:\/\/127.0.0.1\/wordpress\/wp-content\/uploads\/2021\/07\/ht.png"},{"id":399,"url":"http:\/\/127.0.0.1\/wordpress\/wp-content\/uploads\/2021\/07\/cs.jpg"},{"id":400,"url":"http:\/\/127.0.0.1\/wordpress\/wp-content\/uploads\/2021\/07\/bot.png"},{"id":401,"url":"http:\/\/127.0.0.1\/wordpress\/wp-content\/uploads\/2021\/07\/flt.png"}],"gallery_columns":"6","_margin":{"unit":"px","top":"23","right":"-27","bottom":"0","left":"-97","isLinked":false},"_padding":{"unit":"px","top":"0","right":"-0","bottom":"0","left":"-0","isLinked":false}},"elements":[],"isInner":false,"widgetType":"image-gallery","elType":"widget"}],"isInner":false,"elType":"column"}],"isInner":false,"elType":"section"},{"id":"285d2a9","settings":{"margin":{"unit":"px","top":"42","right":0,"bottom":"42","left":0,"isLinked":true}},"elements":[{"id":"6f7ab682","settings":{"_column_size":100,"_inline_size":null},"elements":[{"id":"3eb55898","settings":{"title":"Projects","title_color":"#A78A8E","typography_typography":"custom","typography_font_family":"Baloo Bhaina 2","typography_font_weight":"600","typography_text_decoration":"underline","_margin":{"unit":"px","top":"26","right":"0","bottom":"0","left":"0","isLinked":false},"_animation":"fadeIn"},"elements":[],"isInner":false,"widgetType":"heading","elType":"widget"}],"isInner":false,"elType":"column"}],"isInner":false,"elType":"section"},{"id":"2a0deaae","settings":{"layout":"full_width","height":"min-height","margin":{"unit":"px","top":"0","right":0,"bottom":"0","left":0,"isLinked":true},"animation":"fadeInLeft"},"elements":[{"id":"343cb5dd","settings":{"_column_size":100,"_inline_size":null},"elements":[{"id":"77255dcb","settings":{"carousel":[{"id":402,"url":"http:\/\/127.0.0.1\/wordpress\/wp-content\/uploads\/2021\/07\/images-3.jpg"},{"id":403,"url":"http:\/\/127.0.0.1\/wordpress\/wp-content\/uploads\/2021\/07\/faw.jpg"},{"id":404,"url":"http:\/\/127.0.0.1\/wordpress\/wp-content\/uploads\/2021\/07\/3a62b200-8aae-11e9-8050-2946cf6abc64.png"}],"thumbnail_size":"medium","slides_to_show":"1","caption_type":"caption","_animation":"fadeIn"},"elements":[],"isInner":false,"widgetType":"image-carousel","elType":"widget"}],"isInner":false,"elType":"column"}],"isInner":false,"elType":"section"},{"id":"4164f83b","settings":{"structure":"20","background_background":"classic","background_color":"#0E0F0ED9","margin":{"unit":"px","top":"0","right":0,"bottom":"0","left":0,"isLinked":true},"animation":"fadeInUp"},"elements":[{"id":"47cf795d","settings":{"_column_size":50,"_inline_size":41.784},"elements":[{"id":"2e0ad10e","settings":{"address":"Vit ap","zoom":{"unit":"px","size":9,"sizes":[]},"height":{"unit":"px","size":250,"sizes":[]},"_margin":{"unit":"px","top":"21","right":"21","bottom":"21","left":"21","isLinked":true}},"elements":[],"isInner":false,"widgetType":"google_maps","elType":"widget"}],"isInner":false,"elType":"column"},{"id":"6c695dc6","settings":{"_column_size":50,"_inline_size":58.216},"elements":[{"id":"1ef078a7","settings":{"title":"Contact me","align":"center","title_color":"#FAFCFDFC","_margin":{"unit":"px","top":"34","right":"34","bottom":"34","left":"34","isLinked":true}},"elements":[],"isInner":false,"widgetType":"heading","elType":"widget"},{"id":"6ae4cf93","settings":{"icon_list":[{"text":"+91 9999999999","selected_icon":{"value":"fas fa-phone-alt","library":"fa-solid"},"_id":"65f355e"},{"text":"vsd.varma@gmail.com","selected_icon":{"value":"far fa-comments","library":"fa-regular"},"_id":"003789f"},{"text":"1-9\/45 near BJP Office Kukatpally,Hyderabad","selected_icon":{"value":"fas fa-location-arrow","library":"fa-solid"},"_id":"8dde8fd"}],"space_between":{"unit":"px","size":8,"sizes":[]},"icon_align":"center","icon_color":"#E1E7E9","text_color":"#EAEEF2"},"elements":[],"isInner":false,"widgetType":"icon-list","elType":"widget"}],"isInner":false,"elType":"column"}],"isInner":false,"elType":"section"},{"id":"6008c6ef","settings":{"layout":"full_width","background_background":"classic","background_color":"#0E0F0ED9","animation":"fadeInDown"},"elements":[{"id":"69e36d9e","settings":{"_column_size":100,"_inline_size":null},"elements":[{"id":"46941289","settings":{"social_icon_list":[{"social_icon":{"value":"fab fa-facebook","library":"fa-brands"},"_id":"7ccba2c"},{"social_icon":{"value":"fab fa-twitter","library":"fa-brands"},"_id":"53d8959"},{"_id":"aab3ea9","social_icon":{"value":"fab fa-instagram","library":"fa-brands"}},{"_id":"b2fb54b","social_icon":{"value":"fab fa-linkedin","library":"fa-brands"}}],"icon_color":"custom","icon_primary_color":"#595050","icon_size":{"unit":"px","size":24,"sizes":[]},"icon_padding":{"unit":"em","size":0.4,"sizes":[]},"icon_spacing":{"unit":"px","size":100,"sizes":[]},"_margin":{"unit":"px","top":"22","right":"22","bottom":"22","left":"22","isLinked":true}},"elements":[],"isInner":false,"widgetType":"social-icons","elType":"widget"}],"isInner":false,"elType":"column"}],"isInner":false,"elType":"section"}],"page_settings":[],"version":"0.4","title":"portfolio work","type":"page"}